adv_samples,attack_capture_precision,attack_capture_precision_ci_lower,attack_capture_precision_ci_upper,attack_capture_rate,attack_capture_rate_ci_lower,attack_capture_rate_ci_upper,baseline_clean_f1,captured_adversarial_count,clean_review_count,clean_review_count_denominator,clean_review_rate,clean_review_rate_ci_lower,clean_review_rate_ci_upper,clean_samples,conditional_review_count,conditional_review_count_denominator,conditional_review_rate,conditional_review_rate_ci_lower,conditional_review_rate_ci_upper,coverage,coverage_ci_lower,coverage_ci_upper,coverage_count,coverage_count_denominator,method,method_family,nominal_budget,number_needed_to_review,raw_adversarial_benign_count,raw_adversarial_benign_rate,raw_adversarial_benign_rate_ci_lower,raw_adversarial_benign_rate_ci_upper,raw_adversarial_count,raw_bypass_capture_rate,raw_bypass_capture_rate_ci_lower,raw_bypass_capture_rate_ci_upper,residual_silent_bypass_count,residual_silent_bypass_rate,residual_silent_bypass_rate_ci_lower,residual_silent_bypass_rate_ci_upper,role_manifest_sha256,selective_risk,selective_risk_ci_lower,selective_risk_ci_upper,selective_risk_count_denominator,selective_risk_error_count,target,threshold,total_review_count
50,0.25,0.0455872608097006,0.699358157417598,0.02,0.0035392592716462293,0.1049544358963781,0.6909090909090909,1,3,367,0.0081743869209809,0.002783846204619942,0.023754337665087503,367,3,332,0.009036144578313253,0.0030777702210502723,0.026226112793430324,0.896457765667575,0.8610719008266696,0.9236300063586909,329,367,Quarantine / Supervised Gate / nominal_budget=0.01,Supervised Gate,0.01,4.0,32,0.64,0.501410168761127,0.7586125034815325,50,0.03125,0.005537860164003122,0.15744263820012555,31,0.62,0.4815044693099298,0.7413721068980641,4bf795e269e3a796555bd30b0147af44aac317ac33f841b9b1c4dc3e6112a9a2,0.00303951367781155,0.0005367504498987128,0.017013523609682883,329,1,asterisk,0.7876047765768168,4
50,0.058823529411764705,0.010460400984997592,0.26982030637575394,0.02,0.0035392592716462293,0.1049544358963781,0.6909090909090909,1,16,367,0.0435967302452316,0.027010860063541493,0.06963814712856929,367,16,332,0.04819277108433735,0.029879089413457294,0.0768422753237948,0.8610354223433242,0.8218914718654476,0.8926996119975094,316,367,Quarantine / Supervised Gate / nominal_budget=0.03,Supervised Gate,0.03,17.0,32,0.64,0.501410168761127,0.7586125034815325,50,0.03125,0.005537860164003122,0.15744263820012555,31,0.62,0.4815044693099298,0.7413721068980641,4bf795e269e3a796555bd30b0147af44aac317ac33f841b9b1c4dc3e6112a9a2,0.0031645569620253164,0.0005588405996577676,0.017704766758289206,316,1,asterisk,0.7491955703707827,17
50,0.05,0.008881448800795375,0.236131193446742,0.02,0.0035392592716462293,0.1049544358963781,0.6909090909090909,1,19,367,0.0517711171662125,0.033390768835426174,0.07943765912339308,367,19,332,0.0572289156626506,0.036940172573648566,0.08764676486885847,0.8528610354223434,0.8129667329476462,0.8854449301486025,313,367,Quarantine / Supervised Gate / nominal_budget=0.05,Supervised Gate,0.05,20.0,32,0.64,0.501410168761127,0.7586125034815325,50,0.03125,0.005537860164003122,0.15744263820012555,31,0.62,0.4815044693099298,0.7413721068980641,4bf795e269e3a796555bd30b0147af44aac317ac33f841b9b1c4dc3e6112a9a2,0.003194888178913738,0.0005641990162301592,0.017872336538291143,313,1,asterisk,0.7272392828245875,20
50,0.11904761904761904,0.05193803327758237,0.25000390262009675,0.1,0.04347576493189044,0.21360231437479654,0.6909090909090909,5,37,367,0.1008174386920981,0.07403072962217844,0.1358742229368916,367,37,332,0.11144578313253012,0.08194260222846994,0.14983777144556681,0.8038147138964578,0.7601281261804655,0.8412070123155324,295,367,Quarantine / Supervised Gate / nominal_budget=0.10,Supervised Gate,0.1,8.4,32,0.64,0.501410168761127,0.7586125034815325,50,0.15625,0.06864420282505711,0.3175414959753039,27,0.54,0.4039887139915749,0.6703034780777565,4bf795e269e3a796555bd30b0147af44aac317ac33f841b9b1c4dc3e6112a9a2,0.003389830508474576,0.0005986391554377718,0.018948376990668713,295,1,asterisk,0.6719551141645915,42
50,0.125,0.061890686957171204,0.23625476558190134,0.14,0.06950833427016292,0.26186193710585537,0.6909090909090909,7,49,367,0.1335149863760218,0.1024859774737063,0.17213665815219759,367,49,332,0.14759036144578314,0.11347328721707739,0.1897693772779792,0.771117166212534,0.7254582642923553,0.8111591911368086,283,367,Quarantine / Supervised Gate / nominal_budget=0.15,Supervised Gate,0.15,8.0,32,0.64,0.501410168761127,0.7586125034815325,50,0.21875,0.11023836252604188,0.3875499364924353,25,0.5,0.3664451431682858,0.6335548568317142,4bf795e269e3a796555bd30b0147af44aac317ac33f841b9b1c4dc3e6112a9a2,0.0035335689045936395,0.0006240342447977141,0.019740730474746004,283,1,asterisk,0.6590867947570455,56
50,0.0,0.0,0.7934506856227626,0.0,0.0,0.07134759913335868,0.6909090909090909,0,1,367,0.0027247956403269,0.0004811553787498965,0.015270747979818575,367,1,332,0.0030120481927710845,0.0005318984881840603,0.01686160272279323,0.9019073569482288,0.8671863212429586,0.9283018664535408,331,367,Quarantine / Isolation Forest / nominal_budget=0.01,Isolation Forest,0.01,,32,0.64,0.501410168761127,0.7586125034815325,50,0.0,0.0,0.10717919825507058,32,0.64,0.501410168761127,0.7586125034815325,4bf795e269e3a796555bd30b0147af44aac317ac33f841b9b1c4dc3e6112a9a2,0.0030211480362537764,0.0005335060327725325,0.01691194066091839,331,1,asterisk,0.5724914728464501,1
50,0.0,1.3877787807814457e-17,0.18431813500885175,0.0,0.0,0.07134759913335868,0.6909090909090909,0,17,367,0.0463215258855585,0.029119182633465194,0.07292296481421508,367,17,332,0.05120481927710843,0.03221238882767508,0.08046416681132865,0.8583106267029973,0.8189122548803538,0.8902856887270338,315,367,Quarantine / Isolation Forest / nominal_budget=0.03,Isolation Forest,0.03,,32,0.64,0.501410168761127,0.7586125034815325,50,0.0,0.0,0.10717919825507058,32,0.64,0.501410168761127,0.7586125034815325,4bf795e269e3a796555bd30b0147af44aac317ac33f841b9b1c4dc3e6112a9a2,0.0031746031746031746,0.0005606153934957486,0.017760273120501317,315,1,asterisk,0.5065257075312606,17
50,0.07692307692307693,0.021355088472276226,0.24141553771629054,0.04,0.011038884327619819,0.13460090687507018,0.6909090909090909,2,24,367,0.0653950953678474,0.04433575428185521,0.09545837495481146,367,24,332,0.07228915662650602,0.049056246085856306,0.10530664586540898,0.8392370572207084,0.7981738850304989,0.8732720767879023,308,367,Quarantine / Isolation Forest / nominal_budget=0.05,Isolation Forest,0.05,13.0,32,0.64,0.501410168761127,0.7586125034815325,50,0.0625,0.01731056703164098,0.20147123144154577,30,0.6,0.46181437747589366,0.7239161026974346,4bf795e269e3a796555bd30b0147af44aac317ac33f841b9b1c4dc3e6112a9a2,0.003246753246753247,0.0005733617698070407,0.01815878129668915,308,1,asterisk,0.4943001850955406,26
50,0.04878048780487805,0.013480945365169042,0.16138978870370846,0.04,0.011038884327619819,0.13460090687507018,0.6909090909090909,2,39,367,0.106267029972752,0.07871569963056475,0.14197553343964425,367,39,332,0.11746987951807229,0.08713280508196794,0.15655795039557213,0.7983651226158038,0.7543221643307855,0.8362266936540735,293,367,Quarantine / Isolation Forest / nominal_budget=0.10,Isolation Forest,0.1,20.5,32,0.64,0.501410168761127,0.7586125034815325,50,0.0625,0.01731056703164098,0.20147123144154577,30,0.6,0.46181437747589366,0.7239161026974346,4bf795e269e3a796555bd30b0147af44aac317ac33f841b9b1c4dc3e6112a9a2,0.0034129692832764505,0.0006027271548775786,0.01907598903221215,293,1,asterisk,0.47377328211316094,41
50,0.05063291139240506,0.01986404278001857,0.12307717275705113,0.08,0.03154951408859297,0.18838246918342832,0.6909090909090909,4,75,367,0.2043596730245231,0.16626779248249443,0.24857648978821614,367,75,332,0.22590361445783133,0.18420511906380993,0.27387250887678966,0.7002724795640327,0.6515233468240106,0.7448724619603467,257,367,Quarantine / Isolation Forest / nominal_budget=0.15,Isolation Forest,0.15,19.75,32,0.64,0.501410168761127,0.7586125034815325,50,0.125,0.04970134387480073,0.2806830548165022,28,0.56,0.42306028021656866,0.6883780078874284,4bf795e269e3a796555bd30b0147af44aac317ac33f841b9b1c4dc3e6112a9a2,0.0038910505836575876,0.0006871965081303878,0.021707475133043108,257,1,asterisk,0.44861280507528023,79
50,0.0,0.0,0.7934506856227626,0.0,0.0,0.07134759913335868,0.6909090909090909,0,1,367,0.0027247956403269,0.0004811553787498965,0.015270747979818575,367,1,332,0.0030120481927710845,0.0005318984881840603,0.01686160272279323,0.9019073569482288,0.8671863212429586,0.9283018664535408,331,367,Quarantine / One-Class SVM / nominal_budget=0.01,One-Class SVM,0.01,,32,0.64,0.501410168761127,0.7586125034815325,50,0.0,0.0,0.10717919825507058,32,0.64,0.501410168761127,0.7586125034815325,4bf795e269e3a796555bd30b0147af44aac317ac33f841b9b1c4dc3e6112a9a2,0.0030211480362537764,0.0005335060327725325,0.01691194066091839,331,1,asterisk,-0.32311253446704935,1
50,0.0,0.0,0.3543304350666873,0.0,0.0,0.07134759913335868,0.6909090909090909,0,7,367,0.0190735694822888,0.009269283725771344,0.038841461166214064,367,7,332,0.02108433734939759,0.010249977347320985,0.04287466927416622,0.885558583106267,0.8489187575200478,0.9142105886430348,325,367,Quarantine / One-Class SVM / nominal_budget=0.03,One-Class SVM,0.03,,32,0.64,0.501410168761127,0.7586125034815325,50,0.0,0.0,0.10717919825507058,32,0.64,0.501410168761127,0.7586125034815325,4bf795e269e3a796555bd30b0147af44aac317ac33f841b9b1c4dc3e6112a9a2,0.003076923076923077,0.0005433591236260454,0.017220395001668935,325,1,asterisk,-2.0665716341623344,7
50,0.0,0.0,0.15463901892484688,0.0,0.0,0.07134759913335868,0.6909090909090909,0,21,367,0.0572207084468664,0.03772714820036048,0.08588756026959775,367,21,332,0.06325301204819277,0.04174016964658306,0.09475714959942727,0.8474114441416893,0.8070377830888346,0.8805875994962752,311,367,Quarantine / One-Class SVM / nominal_budget=0.05,One-Class SVM,0.05,,32,0.64,0.501410168761127,0.7586125034815325,50,0.0,0.0,0.10717919825507058,32,0.64,0.501410168761127,0.7586125034815325,4bf795e269e3a796555bd30b0147af44aac317ac33f841b9b1c4dc3e6112a9a2,0.003215434083601286,0.0005678287489161837,0.017985823119470383,311,1,asterisk,-2.761150024414285,21
50,0.046153846153846156,0.015819840413512573,0.1271384726333883,0.06,0.020614970348973985,0.1621709168883817,0.6909090909090909,3,62,367,0.1689373297002724,0.13407697481455214,0.21065648413375507,367,62,332,0.18674698795180722,0.1484970256624202,0.23216312055540786,0.7356948228882834,0.68830666756496,0.7781999645418006,270,367,Quarantine / One-Class SVM / nominal_budget=0.10,One-Class SVM,0.1,21.666666666666668,32,0.64,0.501410168761127,0.7586125034815325,50,0.09375,0.032401551298366194,0.24218154728387864,29,0.58,0.44233441768578236,0.7062499664528801,4bf795e269e3a796555bd30b0147af44aac317ac33f841b9b1c4dc3e6112a9a2,0.003703703703703704,0.0006540941063273003,0.020677441468492264,270,1,asterisk,-4.188072897453802,65
50,0.05952380952380952,0.025690561091495437,0.13188262822618108,0.1,0.04347576493189044,0.21360231437479654,0.6909090909090909,5,79,367,0.215258855585831,0.17627361629273675,0.2601432270002518,367,79,332,0.23795180722891565,0.19530818719407372,0.28659020435353244,0.6893732970027248,0.6402729939636254,0.7345502537984541,253,367,Quarantine / One-Class SVM / nominal_budget=0.15,One-Class SVM,0.15,16.8,32,0.64,0.501410168761127,0.7586125034815325,50,0.15625,0.06864420282505711,0.3175414959753039,27,0.54,0.4039887139915749,0.6703034780777565,4bf795e269e3a796555bd30b0147af44aac317ac33f841b9b1c4dc3e6112a9a2,0.003952569169960474,0.0006980665888153704,0.022045375406552506,253,1,asterisk,-4.476654147723272,84
50,0.0,0.0,0.7934506856227626,0.0,0.0,0.07134759913335868,0.6909090909090909,0,1,367,0.0027247956403269,0.0004811553787498965,0.015270747979818575,367,1,332,0.0030120481927710845,0.0005318984881840603,0.01686160272279323,0.9019073569482288,0.8671863212429586,0.9283018664535408,331,367,Quarantine / Local Outlier Factor / nominal_budget=0.01,Local Outlier Factor,0.01,,32,0.64,0.501410168761127,0.7586125034815325,50,0.0,0.0,0.10717919825507058,32,0.64,0.501410168761127,0.7586125034815325,4bf795e269e3a796555bd30b0147af44aac317ac33f841b9b1c4dc3e6112a9a2,0.0030211480362537764,0.0005335060327725325,0.01691194066091839,331,1,asterisk,4.499395483187766,1
50,0.0,0.0,0.5614970317550454,0.0,0.0,0.07134759913335868,0.6909090909090909,0,3,367,0.0081743869209809,0.002783846204619942,0.023754337665087503,367,3,332,0.009036144578313253,0.0030777702210502723,0.026226112793430324,0.896457765667575,0.8610719008266696,0.9236300063586909,329,367,Quarantine / Local Outlier Factor / nominal_budget=0.03,Local Outlier Factor,0.03,,32,0.64,0.501410168761127,0.7586125034815325,50,0.0,0.0,0.10717919825507058,32,0.64,0.501410168761127,0.7586125034815325,4bf795e269e3a796555bd30b0147af44aac317ac33f841b9b1c4dc3e6112a9a2,0.00303951367781155,0.0005367504498987128,0.017013523609682883,329,1,asterisk,1.896323892856784,3
50,0.1,0.017876213095072896,0.40415002679523837,0.02,0.0035392592716462293,0.1049544358963781,0.6909090909090909,1,9,367,0.0245231607629427,0.012954298698944794,0.04594272670417958,367,9,332,0.02710843373493976,0.014326109928215761,0.05070891849677475,0.8801089918256131,0.8428769268301763,0.9094661388217673,323,367,Quarantine / Local Outlier Factor / nominal_budget=0.05,Local Outlier Factor,0.05,10.0,32,0.64,0.501410168761127,0.7586125034815325,50,0.03125,0.005537860164003122,0.15744263820012555,31,0.62,0.4815044693099298,0.7413721068980641,4bf795e269e3a796555bd30b0147af44aac317ac33f841b9b1c4dc3e6112a9a2,0.0030959752321981426,0.0005467248648761726,0.01732572877601508,323,1,asterisk,1.777570406286813,10
50,0.1206896551724138,0.05970966048240722,0.2287935404596088,0.14,0.06950833427016292,0.26186193710585537,0.6909090909090909,7,51,367,0.1389645776566757,0.10730038800249056,0.17810852813455227,367,51,332,0.1536144578313253,0.1188096120571808,0.1963434342413791,0.7656675749318801,0.7197166248251607,0.8061145500928644,281,367,Quarantine / Local Outlier Factor / nominal_budget=0.10,Local Outlier Factor,0.1,8.285714285714286,32,0.64,0.501410168761127,0.7586125034815325,50,0.21875,0.11023836252604188,0.3875499364924353,25,0.5,0.3664451431682858,0.6335548568317142,4bf795e269e3a796555bd30b0147af44aac317ac33f841b9b1c4dc3e6112a9a2,0.0035587188612099642,0.0006284777252031654,0.019879277167216783,281,1,asterisk,1.4093457077208,58
50,0.0975609756097561,0.050268688282697954,0.18087205761421207,0.16,0.08337420678033407,0.28514216063034986,0.6909090909090909,8,74,367,0.2016348773841962,0.1637733063459265,0.2456778356692146,367,74,332,0.22289156626506024,0.18143738070790388,0.27068505633094403,0.7029972752043597,0.6543407449460856,0.7474482040938413,258,367,Quarantine / Local Outlier Factor / nominal_budget=0.15,Local Outlier Factor,0.15,10.25,32,0.64,0.501410168761127,0.7586125034815325,50,0.25,0.1325240091850904,0.4210655899424448,24,0.48,0.3479713528657805,0.6148825510995538,4bf795e269e3a796555bd30b0147af44aac317ac33f841b9b1c4dc3e6112a9a2,0.003875968992248062,0.0006845316783493684,0.021624612362489037,258,1,asterisk,1.2807856306356558,82
50,0.3333333333333333,0.06149194472039632,0.7923403991979523,0.02,0.0035392592716462293,0.1049544358963781,0.6909090909090909,1,2,367,0.0054495912806539,0.001495748853598466,0.01964929476053949,367,2,332,0.006024096385542169,0.0016535820207583558,0.021695110091970587,0.8991825613079019,0.8641257770631083,0.9259692703778215,330,367,Quarantine / Mahalanobis / nominal_budget=0.01,Mahalanobis,0.01,3.0,32,0.64,0.501410168761127,0.7586125034815325,50,0.03125,0.005537860164003122,0.15744263820012555,31,0.62,0.4815044693099298,0.7413721068980641,4bf795e269e3a796555bd30b0147af44aac317ac33f841b9b1c4dc3e6112a9a2,0.0030303030303030303,0.0005351233237087822,0.01696258005120837,330,1,asterisk,89.27752144225535,3
50,0.08333333333333333,0.014865094404917123,0.3538799111411169,0.02,0.0035392592716462293,0.1049544358963781,0.6909090909090909,1,11,367,0.0299727520435967,0.016817200818597212,0.05286610509566614,367,11,332,0.03313253012048193,0.01859958109668203,0.0583458291318118,0.8746594005449592,0.8368564693143332,0.9047003158264715,321,367,Quarantine / Mahalanobis / nominal_budget=0.03,Mahalanobis,0.03,12.0,32,0.64,0.501410168761127,0.7586125034815325,50,0.03125,0.005537860164003122,0.15744263820012555,31,0.62,0.4815044693099298,0.7413721068980641,4bf795e269e3a796555bd30b0147af44aac317ac33f841b9b1c4dc3e6112a9a2,0.003115264797507788,0.0005501325629956571,0.01743235908662623,321,1,asterisk,70.3132635453177,12
50,0.09523809523809523,0.02651876743807452,0.2891413907391825,0.04,0.011038884327619819,0.13460090687507018,0.6909090909090909,2,19,367,0.0517711171662125,0.033390768835426174,0.07943765912339308,367,19,332,0.0572289156626506,0.036940172573648566,0.08764676486885847,0.8528610354223434,0.8129667329476462,0.8854449301486025,313,367,Quarantine / Mahalanobis / nominal_budget=0.05,Mahalanobis,0.05,10.5,32,0.64,0.501410168761127,0.7586125034815325,50,0.0625,0.01731056703164098,0.20147123144154577,30,0.6,0.46181437747589366,0.7239161026974346,4bf795e269e3a796555bd30b0147af44aac317ac33f841b9b1c4dc3e6112a9a2,0.003194888178913738,0.0005641990162301592,0.017872336538291143,313,1,asterisk,62.859718406972526,21
50,0.10204081632653061,0.04437954674476266,0.21756361549195893,0.1,0.04347576493189044,0.21360231437479654,0.6909090909090909,5,44,367,0.1198910081743869,0.09053386117823276,0.15712307316982368,367,44,332,0.13253012048192772,0.10022742837516047,0.17323928161113789,0.784741144414169,0.7398567729997483,0.8237263837072633,288,367,Quarantine / Mahalanobis / nominal_budget=0.10,Mahalanobis,0.1,9.8,32,0.64,0.501410168761127,0.7586125034815325,50,0.15625,0.06864420282505711,0.3175414959753039,27,0.54,0.4039887139915749,0.6703034780777565,4bf795e269e3a796555bd30b0147af44aac317ac33f841b9b1c4dc3e6112a9a2,0.003472222222222222,0.0006131956629725228,0.019402667896300206,288,1,asterisk,43.43233585150907,49
50,0.0821917808219178,0.03821375047870494,0.16794395479937174,0.12,0.05617600150932277,0.23804817383202986,0.6909090909090909,6,67,367,0.1825613079019073,0.1463948125949662,0.22530434763118848,367,67,332,0.20180722891566266,0.16215845234948,0.24827764837710636,0.7220708446866485,0.6741181341216259,0.7654227967072874,265,367,Quarantine / Mahalanobis / nominal_budget=0.15,Mahalanobis,0.15,12.166666666666666,32,0.64,0.501410168761127,0.7586125034815325,50,0.1875,0.08889544689565956,0.3530915520137595,26,0.52,0.3851174489004462,0.6520286471342195,4bf795e269e3a796555bd30b0147af44aac317ac33f841b9b1c4dc3e6112a9a2,0.0037735849056603774,0.0006664412667877293,0.021061825073970863,265,1,asterisk,34.83865487896163,73
200,0.0,0.0,1.0,0.0,0.0,0.018845326377266564,0.9432404540763674,0,0,2451,0.0,0.0,0.0015648500667491416,2451,0,1446,0.0,2.168404344971009e-19,0.002649571646143143,0.5899632802937577,0.5703656929099471,0.609279309587223,1446,2451,Quarantine / Supervised Gate / nominal_budget=0.01,Supervised Gate,0.01,,144,0.72,0.6540769541334929,0.7776311022605097,200,0.0,0.0,0.025983637143036732,144,0.72,0.6540769541334929,0.7776311022605097,7810185833b889220e4bbbf03124a9466b5c6ee1df1a8539aea44d0137c893a1,0.01313969571230982,0.008427905707740048,0.020431428232626163,1446,19,cwe119,0.9465091037669039,0
200,0.0,0.0,1.0,0.0,0.0,0.018845326377266564,0.9432404540763674,0,0,2451,0.0,0.0,0.0015648500667491416,2451,0,1446,0.0,2.168404344971009e-19,0.002649571646143143,0.5899632802937577,0.5703656929099471,0.609279309587223,1446,2451,Quarantine / Supervised Gate / nominal_budget=0.03,Supervised Gate,0.03,,144,0.72,0.6540769541334929,0.7776311022605097,200,0.0,0.0,0.025983637143036732,144,0.72,0.6540769541334929,0.7776311022605097,7810185833b889220e4bbbf03124a9466b5c6ee1df1a8539aea44d0137c893a1,0.01313969571230982,0.008427905707740048,0.020431428232626163,1446,19,cwe119,0.9465091037669039,0
200,0.07608695652173914,0.03734355970961541,0.14881240077167257,0.035,0.017055542008567192,0.07047061152229071,0.9432404540763674,7,85,2451,0.0346797225622195,0.02813348838906684,0.04268226966978864,2451,85,1446,0.058782849239280774,0.047787979038084676,0.07211579234537219,0.5552835577315381,0.5355390363234034,0.5748550581816603,1361,2451,Quarantine / Supervised Gate / nominal_budget=0.05,Supervised Gate,0.05,13.142857142857142,144,0.72,0.6540769541334929,0.7776311022605097,200,0.04861111111111111,0.023743988255155446,0.0969356841656416,137,0.685,0.6176504391426966,0.745376790097715,7810185833b889220e4bbbf03124a9466b5c6ee1df1a8539aea44d0137c893a1,0.013960323291697281,0.008955303458665378,0.021701340615473227,1361,19,cwe119,0.9405029196082854,92
200,0.07526881720430108,0.036936683981680485,0.14729700103258916,0.035,0.017055542008567192,0.07047061152229071,0.9432404540763674,7,86,2451,0.0350877192982456,0.028500202093457827,0.04313027253001067,2451,86,1446,0.059474412171507604,0.04841165300577479,0.07287157955106224,0.554875560995512,0.5351298920452674,0.5744494858951832,1360,2451,Quarantine / Supervised Gate / nominal_budget=0.10,Supervised Gate,0.1,13.285714285714286,144,0.72,0.6540769541334929,0.7776311022605097,200,0.04861111111111111,0.023743988255155446,0.0969356841656416,137,0.685,0.6176504391426966,0.745376790097715,7810185833b889220e4bbbf03124a9466b5c6ee1df1a8539aea44d0137c893a1,0.013970588235294118,0.008961901271730688,0.021717220960610153,1360,19,cwe119,0.9175599863013902,93
200,0.0736196319018405,0.042612231094974064,0.1242615125026264,0.06,0.034652194254331865,0.10193169295766269,0.9432404540763674,12,151,2451,0.0616075071399428,0.052757396037072614,0.07182965528624191,2451,151,1446,0.10442600276625173,0.08969786688404995,0.1212503419424976,0.5283557731538148,0.5085640902182634,0.5480587110223413,1295,2451,Quarantine / Supervised Gate / nominal_budget=0.15,Supervised Gate,0.15,13.583333333333334,144,0.72,0.6540769541334929,0.7776311022605097,200,0.08333333333333333,0.04831146161870116,0.1400082360004961,132,0.66,0.5918849552683626,0.7220845402909121,7810185833b889220e4bbbf03124a9466b5c6ee1df1a8539aea44d0137c893a1,0.014671814671814672,0.009412661559094817,0.022801785043714433,1295,19,cwe119,0.8536522301131295,163
200,0.04878048780487805,0.013480945365169042,0.16138978870370846,0.01,0.0027466581335444384,0.035721761716176796,0.9432404540763674,2,39,2451,0.0159118727050183,0.011661670122956444,0.021677125963700312,2451,39,1446,0.026970954356846474,0.019791905749306997,0.03665665165866245,0.5740514075887393,0.5543742165309492,0.5934968399463131,1407,2451,Quarantine / Isolation Forest / nominal_budget=0.01,Isolation Forest,0.01,20.5,144,0.72,0.6540769541334929,0.7776311022605097,200,0.013888888888888888,0.0038171346628682636,0.04922251255952856,142,0.71,0.6436252189922268,0.7684597439293211,7810185833b889220e4bbbf03124a9466b5c6ee1df1a8539aea44d0137c893a1,0.012082444918265814,0.0075572630300115825,0.019264644268009952,1407,17,cwe119,0.5400451540691148,41
200,0.07777777777777778,0.038184815317289005,0.15193860182592026,0.035,0.017055542008567192,0.07047061152229071,0.9432404540763674,7,83,2451,0.0338637290901672,0.027400858480694006,0.041785466448935445,2451,83,1446,0.05739972337482711,0.04654203429247965,0.0706028147442169,0.5560995512035903,0.5363573650644082,0.5756661625698813,1363,2451,Quarantine / Isolation Forest / nominal_budget=0.03,Isolation Forest,0.03,12.857142857142858,144,0.72,0.6540769541334929,0.7776311022605097,200,0.04861111111111111,0.023743988255155446,0.0969356841656416,137,0.685,0.6176504391426966,0.745376790097715,7810185833b889220e4bbbf03124a9466b5c6ee1df1a8539aea44d0137c893a1,0.009537784299339692,0.00558235719937494,0.016250064277246953,1363,13,cwe119,0.5167538833209704,90
200,0.0851063829787234,0.049353746803088794,0.14286648521736012,0.06,0.034652194254331865,0.10193169295766269,0.9432404540763674,12,129,2451,0.0526315789473684,0.04447072615019461,0.06219256075163357,2451,129,1446,0.08921161825726141,0.07558711072938885,0.10501295228279513,0.5373317013463892,0.5175493109480218,0.5569972547140691,1317,2451,Quarantine / Isolation Forest / nominal_budget=0.05,Isolation Forest,0.05,11.75,144,0.72,0.6540769541334929,0.7776311022605097,200,0.08333333333333333,0.04831146161870116,0.1400082360004961,132,0.66,0.5918849552683626,0.7220845402909121,7810185833b889220e4bbbf03124a9466b5c6ee1df1a8539aea44d0137c893a1,0.008352315869400152,0.00467014522169519,0.014894245832297408,1317,11,cwe119,0.5051840244640587,141
200,0.07172995780590717,0.04526378947684068,0.11185807403448689,0.085,0.053745750177475606,0.13189587071565564,0.9432404540763674,17,220,2451,0.0897592819257445,0.07907586126574566,0.10172663301586694,2451,220,1446,0.15214384508990317,0.13455514287523557,0.17157588691454312,0.5002039983680131,0.4804245878660862,0.5199827704162203,1226,2451,Quarantine / Isolation Forest / nominal_budget=0.10,Isolation Forest,0.1,13.941176470588236,144,0.72,0.6540769541334929,0.7776311022605097,200,0.11805555555555555,0.07502830197176064,0.18093142084583685,127,0.635,0.566317026527406,0.698594735350732,7810185833b889220e4bbbf03124a9466b5c6ee1df1a8539aea44d0137c893a1,0.0065252854812398045,0.003310112921917627,0.0128232339240411,1226,8,cwe119,0.4923692330773555,237
200,0.07357859531772576,0.04908932302075937,0.10888593904208792,0.11,0.07377244460125301,0.1609269099730149,0.9432404540763674,22,277,2451,0.1130150958792329,0.10108147109973044,0.1261598673648241,2451,277,1446,0.19156293222683266,0.17210707408243253,0.2126532425900154,0.4769481844145247,0.45722616305787844,0.49674235104148623,1169,2451,Quarantine / Isolation Forest / nominal_budget=0.15,Isolation Forest,0.15,13.590909090909092,144,0.72,0.6540769541334929,0.7776311022605097,200,0.1527777777777778,0.1031088593295453,0.22049088868645247,122,0.61,0.5409374595716976,0.6749165686253038,7810185833b889220e4bbbf03124a9466b5c6ee1df1a8539aea44d0137c893a1,0.006843455945252352,0.0034716967745450234,0.013445729422722036,1169,8,cwe119,0.4867299256322963,299
200,0.09230769230769231,0.042995089611340964,0.18712000515960386,0.03,0.013820314340111346,0.06389429245451923,0.9432404540763674,6,59,2451,0.0240718074255405,0.01870782601421354,0.03092530136470353,2451,59,1446,0.04080221300138313,0.0317632759153634,0.05227450496020928,0.5658914728682171,0.5461815000061139,0.5853952251788881,1387,2451,Quarantine / One-Class SVM / nominal_budget=0.01,One-Class SVM,0.01,10.833333333333334,144,0.72,0.6540769541334929,0.7776311022605097,200,0.041666666666666664,0.01923388666249415,0.08791778071862286,138,0.69,0.6228282243374195,0.750010551639219,7810185833b889220e4bbbf03124a9466b5c6ee1df1a8539aea44d0137c893a1,0.011535688536409516,0.007113001389917763,0.018656620728684015,1387,16,cwe119,-28.9720530226319,65
200,0.08035714285714286,0.04285057783689979,0.1456955527371424,0.045,0.023852543001492997,0.08329670400181957,0.9432404540763674,9,103,2451,0.0420236638106895,0.034770959635468564,0.050709696586421195,2451,103,1446,0.07123098201936376,0.059078745429355504,0.08565532707494429,0.5479396164830681,0.5281764851246767,0.5675527112173525,1343,2451,Quarantine / One-Class SVM / nominal_budget=0.03,One-Class SVM,0.03,12.444444444444445,144,0.72,0.6540769541334929,0.7776311022605097,200,0.0625,0.03322664843371556,0.11450903406644158,135,0.675,0.6073198511602996,0.7360842846076571,7810185833b889220e4bbbf03124a9466b5c6ee1df1a8539aea44d0137c893a1,0.011913626209977662,0.007346450558639675,0.019265040041061054,1343,16,cwe119,-32.755434253976,112
200,0.07746478873239436,0.0438034341465339,0.13338526808981097,0.055,0.030985341703458846,0.0957869987723084,0.9432404540763674,11,131,2451,0.0534475724194206,0.04522136570812163,0.06307135432293258,2451,131,1446,0.09059474412171507,0.0768650460101833,0.10649393934876099,0.536515707874337,0.5167322078698877,0.5561849246629771,1315,2451,Quarantine / One-Class SVM / nominal_budget=0.05,One-Class SVM,0.05,12.909090909090908,144,0.72,0.6540769541334929,0.7776311022605097,200,0.0763888888888889,0.04318732966175299,0.13160436291776428,133,0.665,0.5970219120796653,0.7267591302158368,7810185833b889220e4bbbf03124a9466b5c6ee1df1a8539aea44d0137c893a1,0.011406844106463879,0.00692477052215461,0.018735219611121234,1315,15,cwe119,-34.33992756703556,142
200,0.10996563573883161,0.07897792605347664,0.15111678007111706,0.16,0.11567412031587021,0.21714070162067106,0.9432404540763674,32,259,2451,0.1056711546307629,0.09411174477708956,0.1184646955244307,2451,259,1446,0.17911479944674966,0.16020908472578,0.19972093082582498,0.4842921256629947,0.4645473608213264,0.5040860514410724,1187,2451,Quarantine / One-Class SVM / nominal_budget=0.10,One-Class SVM,0.1,9.09375,144,0.72,0.6540769541334929,0.7776311022605097,200,0.2222222222222222,0.16203742244608532,0.29684237596671287,112,0.56,0.4907167533465867,0.6270218074881414,7810185833b889220e4bbbf03124a9466b5c6ee1df1a8539aea44d0137c893a1,0.009267059814658803,0.005182372743202581,0.016517794503481335,1187,11,cwe119,-36.26885064231354,291
200,0.09156626506024096,0.06743851718730633,0.12318601899280048,0.19,0.14167171527790676,0.2500123870759985,0.9432404540763674,38,377,2451,0.1538147694818441,0.1400747692802777,0.16863822564557837,2451,377,1446,0.2607192254495159,0.2387458539056071,0.2839605801048569,0.4361485108119135,0.41663102361996807,0.455865834018095,1069,2451,Quarantine / One-Class SVM / nominal_budget=0.15,One-Class SVM,0.15,10.921052631578947,144,0.72,0.6540769541334929,0.7776311022605097,200,0.2638888888888889,0.19871472732721673,0.3413331013236618,106,0.53,0.4609168291500183,0.5979524512673458,7810185833b889220e4bbbf03124a9466b5c6ee1df1a8539aea44d0137c893a1,0.01028999064546305,0.005755358529819598,0.01833157305567299,1069,11,cwe119,-37.197995121516094,415
200,0.0,0.0,0.4898908364545972,0.0,0.0,0.018845326377266564,0.9432404540763674,0,4,2451,0.0016319869441044,0.000634825185046439,0.004188891140154766,2451,4,1446,0.0027662517289073307,0.0010762509873095982,0.007091165352354193,0.5883312933496532,0.568724580516668,0.6076615557220498,1442,2451,Quarantine / Local Outlier Factor / nominal_budget=0.01,Local Outlier Factor,0.01,,144,0.72,0.6540769541334929,0.7776311022605097,200,0.0,0.0,0.025983637143036732,144,0.72,0.6540769541334929,0.7776311022605097,7810185833b889220e4bbbf03124a9466b5c6ee1df1a8539aea44d0137c893a1,0.013176144244105409,0.008451327699369598,0.020487847177260557,1442,19,cwe119,17.251826080072682,4
200,0.0,3.469446951953614e-18,0.04423530964197382,0.0,0.0,0.018845326377266564,0.9432404540763674,0,83,2451,0.0338637290901672,0.027400858480694006,0.041785466448935445,2451,83,1446,0.05739972337482711,0.04654203429247965,0.0706028147442169,0.5560995512035903,0.5363573650644082,0.5756661625698813,1363,2451,Quarantine / Local Outlier Factor / nominal_budget=0.03,Local Outlier Factor,0.03,,144,0.72,0.6540769541334929,0.7776311022605097,200,0.0,0.0,0.025983637143036732,144,0.72,0.6540769541334929,0.7776311022605097,7810185833b889220e4bbbf03124a9466b5c6ee1df1a8539aea44d0137c893a1,0.013939838591342627,0.008942136934008919,0.02166964949570238,1363,19,cwe119,12.459849332227916,83
200,0.0,0.0,0.04373172841465986,0.0,0.0,0.018845326377266564,0.9432404540763674,0,84,2451,0.0342717258261933,0.027767039014670734,0.042234002479571736,2451,84,1446,0.058091286307053944,0.047164770228240435,0.07135953998183628,0.5556915544675642,0.5359481939952241,0.5752606170744526,1362,2451,Quarantine / Local Outlier Factor / nominal_budget=0.05,Local Outlier Factor,0.05,,144,0.72,0.6540769541334929,0.7776311022605097,200,0.0,0.0,0.025983637143036732,144,0.72,0.6540769541334929,0.7776311022605097,7810185833b889220e4bbbf03124a9466b5c6ee1df1a8539aea44d0137c893a1,0.013950073421439061,0.008948715353227863,0.021685483477448437,1362,19,cwe119,10.508712001381522,84
200,0.0970873786407767,0.06373030383895516,0.14519627848220512,0.1,0.06567044866909588,0.14940581243271736,0.9432404540763674,20,186,2451,0.0758873929008567,0.06605434968439028,0.0870477814003798,2451,186,1446,0.12863070539419086,0.11235359071964027,0.14687575917521292,0.5140758873929009,0.49428259479202136,0.5338251266871279,1260,2451,Quarantine / Local Outlier Factor / nominal_budget=0.10,Local Outlier Factor,0.1,10.3,144,0.72,0.6540769541334929,0.7776311022605097,200,0.1388888888888889,0.09174177752213597,0.20480196041450172,124,0.62,0.5510671801561923,0.6844099415132637,7810185833b889220e4bbbf03124a9466b5c6ee1df1a8539aea44d0137c893a1,0.01507936507936508,0.009674683207090966,0.023431889242064873,1260,19,cwe119,3.963392965491886,206
200,0.11589403973509933,0.08452133838579134,0.15691570911398925,0.175,0.12860515066273331,0.23364431148248993,0.9432404540763674,35,267,2451,0.1089351285189718,0.09720724137582232,0.12188693144260204,2451,267,1446,0.18464730290456433,0.16549289884738247,0.2054728060912638,0.4810281517747858,0.46129296800415626,0.5008227117413384,1179,2451,Quarantine / Local Outlier Factor / nominal_budget=0.15,Local Outlier Factor,0.15,8.628571428571428,144,0.72,0.6540769541334929,0.7776311022605097,200,0.24305555555555555,0.1802694593674835,0.31919435416435477,109,0.545,0.47578611372488105,0.612517806901165,7810185833b889220e4bbbf03124a9466b5c6ee1df1a8539aea44d0137c893a1,0.013570822731128074,0.008370396451156163,0.021930755536218757,1179,16,cwe119,1.4394908884600734,302
200,0.0392156862745098,0.010821083352867099,0.13216305655362262,0.01,0.0027466581335444384,0.035721761716176796,0.9432404540763674,2,49,2451,0.0199918400652794,0.015155225020280445,0.026330736712506464,2451,49,1446,0.0338865836791148,0.025726497880712598,0.04451667126105846,0.5699714402284781,0.5502771810298417,0.5894467098012903,1397,2451,Quarantine / Mahalanobis / nominal_budget=0.01,Mahalanobis,0.01,25.5,144,0.72,0.6540769541334929,0.7776311022605097,200,0.013888888888888888,0.0038171346628682636,0.04922251255952856,142,0.71,0.6436252189922268,0.7684597439293211,7810185833b889220e4bbbf03124a9466b5c6ee1df1a8539aea44d0137c893a1,0.01145311381531854,0.007061999100421687,0.01852366485534633,1397,16,cwe119,64.97991828629098,51
200,0.07563025210084033,0.04029724166083566,0.137504772662155,0.045,0.023852543001492997,0.08329670400181957,0.9432404540763674,9,110,2451,0.0448796409628722,0.03737081194507548,0.05381286022910539,2451,110,1446,0.07607192254495158,0.06350257045186658,0.09088773026609431,0.5450836393308853,0.5253144384119521,0.5647117419777861,1336,2451,Quarantine / Mahalanobis / nominal_budget=0.03,Mahalanobis,0.03,13.222222222222221,144,0.72,0.6540769541334929,0.7776311022605097,200,0.0625,0.03322664843371556,0.11450903406644158,135,0.675,0.6073198511602996,0.7360842846076571,7810185833b889220e4bbbf03124a9466b5c6ee1df1a8539aea44d0137c893a1,0.0074850299401197605,0.004070765554936659,0.013723473206475437,1336,10,cwe119,50.06330324024384,119
200,0.087248322147651,0.05169666436077341,0.143547865827221,0.065,0.03837635464915299,0.10801907929906893,0.9432404540763674,13,136,2451,0.0554875560995512,0.04710044310022085,0.06526585975389843,2451,136,1446,0.09405255878284924,0.0800643453922053,0.11019194583363981,0.5344757241942064,0.5146896820952328,0.5541538676145669,1310,2451,Quarantine / Mahalanobis / nominal_budget=0.05,Mahalanobis,0.05,11.461538461538462,144,0.72,0.6540769541334929,0.7776311022605097,200,0.09027777777777778,0.05351799457841227,0.14832970808046503,131,0.655,0.5867558925905368,0.7174020562325106,7810185833b889220e4bbbf03124a9466b5c6ee1df1a8539aea44d0137c893a1,0.006870229007633588,0.0036186281905747023,0.013005492378964216,1310,9,cwe119,48.563622658617646,149
200,0.07692307692307693,0.04920877108218034,0.11830390319354436,0.09,0.05768744886219315,0.1377657187671654,0.9432404540763674,18,216,2451,0.0881272949816401,0.07753935545746178,0.10000427256569878,2451,216,1446,0.14937759336099585,0.1319346568780052,0.1686785282182528,0.5018359853121175,0.48205415248784217,0.5216120720529165,1230,2451,Quarantine / Mahalanobis / nominal_budget=0.10,Mahalanobis,0.1,13.0,144,0.72,0.6540769541334929,0.7776311022605097,200,0.125,0.0805506614325741,0.18893706642470343,126,0.63,0.5612262992405018,0.6938739159014088,7810185833b889220e4bbbf03124a9466b5c6ee1df1a8539aea44d0137c893a1,0.0065040650406504065,0.003299336665767926,0.01278170736047074,1230,8,cwe119,42.81318000858931,234
200,0.08304498269896193,0.05643927524732228,0.12058982107485006,0.12,0.08197992706375512,0.17234252098296743,0.9432404540763674,24,265,2451,0.1081191350469196,0.09643303690860684,0.12103170278059149,2451,265,1446,0.18326417704011064,0.16417130725683027,0.20403547533505567,0.481844145246838,0.46210648716614355,0.5016386257085773,1181,2451,Quarantine / Mahalanobis / nominal_budget=0.15,Mahalanobis,0.15,12.041666666666666,144,0.72,0.6540769541334929,0.7776311022605097,200,0.16666666666666666,0.11463310915770045,0.23602264893765737,120,0.6,0.53083672039262,0.6653942143319266,7810185833b889220e4bbbf03124a9466b5c6ee1df1a8539aea44d0137c893a1,0.006773920406435224,0.003436381471622946,0.013309706093917581,1181,8,cwe119,38.45861581109521,289
200,0.45714285714285713,0.3457274259756358,0.5730174079452441,0.16,0.11567412031587021,0.21714070162067106,0.7878787878787878,32,38,255,0.1490196078431372,0.11053459440380381,0.19792240156762703,255,38,155,0.24516129032258063,0.18414214872004897,0.31850658929501796,0.4588235294117647,0.39872669197930655,0.5201425645313082,117,255,Quarantine / Supervised Gate / nominal_budget=0.01,Supervised Gate,0.01,2.1875,140,0.7,0.6332093162728074,0.7592525531762859,200,0.22857142857142856,0.16681621731086882,0.3048242914610982,108,0.54,0.47082289188953336,0.6076694820002854,f64aaa7645d6dcbacf2bb07ab78e9331553b8e7315b128505b17405a7b841d73,0.15384615384615385,0.09958656287229517,0.2301136841249818,117,18,cwe399,0.9528541238920953,70
200,0.45714285714285713,0.3457274259756358,0.5730174079452441,0.16,0.11567412031587021,0.21714070162067106,0.7878787878787878,32,38,255,0.1490196078431372,0.11053459440380381,0.19792240156762703,255,38,155,0.24516129032258063,0.18414214872004897,0.31850658929501796,0.4588235294117647,0.39872669197930655,0.5201425645313082,117,255,Quarantine / Supervised Gate / nominal_budget=0.03,Supervised Gate,0.03,2.1875,140,0.7,0.6332093162728074,0.7592525531762859,200,0.22857142857142856,0.16681621731086882,0.3048242914610982,108,0.54,0.47082289188953336,0.6076694820002854,f64aaa7645d6dcbacf2bb07ab78e9331553b8e7315b128505b17405a7b841d73,0.15384615384615385,0.09958656287229517,0.2301136841249818,117,18,cwe399,0.9528541238920953,70
200,0.45714285714285713,0.3457274259756358,0.5730174079452441,0.16,0.11567412031587021,0.21714070162067106,0.7878787878787878,32,38,255,0.1490196078431372,0.11053459440380381,0.19792240156762703,255,38,155,0.24516129032258063,0.18414214872004897,0.31850658929501796,0.4588235294117647,0.39872669197930655,0.5201425645313082,117,255,Quarantine / Supervised Gate / nominal_budget=0.05,Supervised Gate,0.05,2.1875,140,0.7,0.6332093162728074,0.7592525531762859,200,0.22857142857142856,0.16681621731086882,0.3048242914610982,108,0.54,0.47082289188953336,0.6076694820002854,f64aaa7645d6dcbacf2bb07ab78e9331553b8e7315b128505b17405a7b841d73,0.15384615384615385,0.09958656287229517,0.2301136841249818,117,18,cwe399,0.9528541238920953,70
200,0.45714285714285713,0.3457274259756358,0.5730174079452441,0.16,0.11567412031587021,0.21714070162067106,0.7878787878787878,32,38,255,0.1490196078431372,0.11053459440380381,0.19792240156762703,255,38,155,0.24516129032258063,0.18414214872004897,0.31850658929501796,0.4588235294117647,0.39872669197930655,0.5201425645313082,117,255,Quarantine / Supervised Gate / nominal_budget=0.10,Supervised Gate,0.1,2.1875,140,0.7,0.6332093162728074,0.7592525531762859,200,0.22857142857142856,0.16681621731086882,0.3048242914610982,108,0.54,0.47082289188953336,0.6076694820002854,f64aaa7645d6dcbacf2bb07ab78e9331553b8e7315b128505b17405a7b841d73,0.15384615384615385,0.09958656287229517,0.2301136841249818,117,18,cwe399,0.9516699716123256,70
200,0.45714285714285713,0.3457274259756358,0.5730174079452441,0.16,0.11567412031587021,0.21714070162067106,0.7878787878787878,32,38,255,0.1490196078431372,0.11053459440380381,0.19792240156762703,255,38,155,0.24516129032258063,0.18414214872004897,0.31850658929501796,0.4588235294117647,0.39872669197930655,0.5201425645313082,117,255,Quarantine / Supervised Gate / nominal_budget=0.15,Supervised Gate,0.15,2.1875,140,0.7,0.6332093162728074,0.7592525531762859,200,0.22857142857142856,0.16681621731086882,0.3048242914610982,108,0.54,0.47082289188953336,0.6076694820002854,f64aaa7645d6dcbacf2bb07ab78e9331553b8e7315b128505b17405a7b841d73,0.15384615384615385,0.09958656287229517,0.2301136841249818,117,18,cwe399,0.9500519635520203,70
200,0.75,0.300641842582402,0.9544127391902995,0.015,0.005114237793258314,0.043165728792690254,0.7878787878787878,3,1,255,0.0039215686274509,0.0006925889000102634,0.021875120489777425,255,1,155,0.0064516129032258064,0.001139777383142991,0.035635626620720826,0.6039215686274509,0.5427777302325139,0.661980812859744,154,255,Quarantine / Isolation Forest / nominal_budget=0.01,Isolation Forest,0.01,1.3333333333333333,140,0.7,0.6332093162728074,0.7592525531762859,200,0.02142857142857143,0.007314003256778594,0.061104788525373835,137,0.685,0.6176504391426966,0.745376790097715,f64aaa7645d6dcbacf2bb07ab78e9331553b8e7315b128505b17405a7b841d73,0.12987012987012986,0.08566752087480364,0.1920887742599078,154,20,cwe399,0.636826021618187,4
200,0.5306122448979592,0.39380863983661907,0.6629649630682485,0.13,0.09028202279669321,0.18366351872248404,0.7878787878787878,26,23,255,0.0901960784313725,0.06085409654729806,0.13170183729643958,255,23,155,0.14838709677419354,0.10095820355215518,0.21282296662053207,0.5176470588235295,0.4565107819996047,0.5782595366387034,132,255,Quarantine / Isolation Forest / nominal_budget=0.03,Isolation Forest,0.03,1.8846153846153846,140,0.7,0.6332093162728074,0.7592525531762859,200,0.18571428571428572,0.13000555452848817,0.25820977141799994,114,0.57,0.5007048776415268,0.6366567766656557,f64aaa7645d6dcbacf2bb07ab78e9331553b8e7315b128505b17405a7b841d73,0.13636363636363635,0.0880284588681822,0.20526534971262397,132,18,cwe399,0.5088149977902324,49
200,0.5128205128205128,0.4039270123076001,0.6205104797510615,0.2,0.15045200926098115,0.26085518656537876,0.7878787878787878,40,38,255,0.1490196078431372,0.11053459440380381,0.19792240156762703,255,38,155,0.24516129032258063,0.18414214872004897,0.31850658929501796,0.4588235294117647,0.39872669197930655,0.5201425645313082,117,255,Quarantine / Isolation Forest / nominal_budget=0.05,Isolation Forest,0.05,1.95,140,0.7,0.6332093162728074,0.7592525531762859,200,0.2857142857142857,0.21738979502274602,0.36548429084985956,100,0.5,0.43136085960389187,0.5686391403961081,f64aaa7645d6dcbacf2bb07ab78e9331553b8e7315b128505b17405a7b841d73,0.1452991452991453,0.09273939280804754,0.220410243003977,117,17,cwe399,0.49156348207236084,78
200,0.5473684210526316,0.44738266913924607,0.6436722394728039,0.26,0.20413830063574687,0.3249074560253411,0.7878787878787878,52,43,255,0.1686274509803921,0.12766751857040856,0.21942316477692,255,43,155,0.27741935483870966,0.21296752387539922,0.35263707008712764,0.4392156862745098,0.3796510719534066,0.5005844971813104,112,255,Quarantine / Isolation Forest / nominal_budget=0.10,Isolation Forest,0.1,1.8269230769230769,140,0.7,0.6332093162728074,0.7592525531762859,200,0.37142857142857144,0.2958250811297044,0.45389937039385897,88,0.44,0.37297819251185865,0.5092832466534134,f64aaa7645d6dcbacf2bb07ab78e9331553b8e7315b128505b17405a7b841d73,0.14285714285714285,0.08988661089101818,0.21951435129965596,112,16,cwe399,0.4883462840338846,95
200,0.49557522123893805,0.4050633172767508,0.5863780768132133,0.28,0.22236889773949028,0.345923045866507,0.7878787878787878,56,57,255,0.2235294117647059,0.17671400028379536,0.2785510077160468,255,57,155,0.36774193548387096,0.2958854910974617,0.44599549951795286,0.3843137254901961,0.32674681902070224,0.44531442546150124,98,255,Quarantine / Isolation Forest / nominal_budget=0.15,Isolation Forest,0.15,2.017857142857143,140,0.7,0.6332093162728074,0.7592525531762859,200,0.4,0.32256681051429237,0.48277442955959027,84,0.42,0.35373599161616726,0.4892792606041954,f64aaa7645d6dcbacf2bb07ab78e9331553b8e7315b128505b17405a7b841d73,0.15306122448979592,0.0950068281011927,0.23728867524854486,98,15,cwe399,0.4805570136487365,113
200,0.625,0.4525440735307745,0.7706611269054578,0.1,0.06567044866909588,0.14940581243271736,0.7878787878787878,20,12,255,0.0470588235294117,0.027121591320373624,0.08044023029638905,255,12,155,0.07741935483870968,0.04483940779466521,0.13043887929361037,0.5607843137254902,0.49941550281868957,0.6203489280465934,143,255,Quarantine / One-Class SVM / nominal_budget=0.01,One-Class SVM,0.01,1.6,140,0.7,0.6332093162728074,0.7592525531762859,200,0.14285714285714285,0.09441991250112672,0.2103702306198825,120,0.6,0.53083672039262,0.6653942143319266,f64aaa7645d6dcbacf2bb07ab78e9331553b8e7315b128505b17405a7b841d73,0.13986013986013987,0.09239695525122124,0.20616626505993266,143,20,cwe399,-0.2488990242738751,32
200,0.4883720930232558,0.3855057710813486,0.5922327916462267,0.21,0.15928412069979,0.2716461685990245,0.7878787878787878,42,44,255,0.1725490196078431,0.13112103326736244,0.22369638755514562,255,44,155,0.2838709677419355,0.21878649802491484,0.359409267127104,0.4352941176470588,0.3758472290883091,0.49666160257122843,111,255,Quarantine / One-Class SVM / nominal_budget=0.03,One-Class SVM,0.03,2.0476190476190474,140,0.7,0.6332093162728074,0.7592525531762859,200,0.3,0.23026240868244724,0.3804200714653179,98,0.49,0.4215627833121318,0.5588141232154135,f64aaa7645d6dcbacf2bb07ab78e9331553b8e7315b128505b17405a7b841d73,0.16216216216216217,0.10510773837466895,0.24181800803978537,111,18,cwe399,-3.0658805881579423,86
200,0.47191011235955055,0.37152022402743146,0.5746245257049423,0.21,0.15928412069979,0.2716461685990245,0.7878787878787878,42,47,255,0.1843137254901961,0.14153120564761698,0.23646642760042977,255,47,155,0.3032258064516129,0.23634464224678298,0.3796246364737118,0.4235294117647059,0.3644584571985234,0.48487016203547545,108,255,Quarantine / One-Class SVM / nominal_budget=0.05,One-Class SVM,0.05,2.119047619047619,140,0.7,0.6332093162728074,0.7592525531762859,200,0.3,0.23026240868244724,0.3804200714653179,98,0.49,0.4215627833121318,0.5588141232154135,f64aaa7645d6dcbacf2bb07ab78e9331553b8e7315b128505b17405a7b841d73,0.1574074074074074,0.10066202670916788,0.23768709015421371,108,17,cwe399,-3.132811128158741,89
200,0.4666666666666667,0.3670842495769753,0.5689781254606465,0.21,0.15928412069979,0.2716461685990245,0.7878787878787878,42,48,255,0.188235294117647,0.14501712591540894,0.2407072448078173,255,48,155,0.3096774193548387,0.24223006060433877,0.38633038930564806,0.4196078431372549,0.3606698278011165,0.48093205395770283,107,255,Quarantine / One-Class SVM / nominal_budget=0.10,One-Class SVM,0.1,2.142857142857143,140,0.7,0.6332093162728074,0.7592525531762859,200,0.3,0.23026240868244724,0.3804200714653179,98,0.49,0.4215627833121318,0.5588141232154135,f64aaa7645d6dcbacf2bb07ab78e9331553b8e7315b128505b17405a7b841d73,0.1588785046728972,0.1016267684518659,0.23977489860765422,107,17,cwe399,-3.1470005340189626,90
200,0.44545454545454544,0.3559771278523678,0.5386131196347047,0.245,0.19056868089037182,0.30904243556203415,0.7878787878787878,49,61,255,0.2392156862745098,0.1909715805110715,0.29520037738948884,255,61,155,0.3935483870967742,0.32010552662008906,0.47214014875329346,0.3686274509803922,0.31177317021223405,0.42938112436925124,94,255,Quarantine / One-Class SVM / nominal_budget=0.15,One-Class SVM,0.15,2.2448979591836733,140,0.7,0.6332093162728074,0.7592525531762859,200,0.35,0.27595653505679385,0.43205532505403,91,0.455,0.387482193098835,0.524213886275119,f64aaa7645d6dcbacf2bb07ab78e9331553b8e7315b128505b17405a7b841d73,0.1595744680851064,0.09915613688605256,0.2467244256954247,94,15,cwe399,-3.299100690086301,110
200,0.5526315789473685,0.39706297121992484,0.6985359900194875,0.105,0.06970748792681017,0.15518031991123038,0.7878787878787878,21,17,255,0.0666666666666666,0.04203657063065384,0.10415893836200657,255,17,155,0.10967741935483871,0.06961297225441505,0.16862117078132044,0.5411764705882353,0.4798574354686917,0.6012733080206933,138,255,Quarantine / Local Outlier Factor / nominal_budget=0.01,Local Outlier Factor,0.01,1.8095238095238095,140,0.7,0.6332093162728074,0.7592525531762859,200,0.15,0.10025055316583265,0.21844378709275641,119,0.595,0.525797100813387,0.6606222871749323,f64aaa7645d6dcbacf2bb07ab78e9331553b8e7315b128505b17405a7b841d73,0.13768115942028986,0.08994647196691005,0.2050410385153892,138,19,cwe399,2.0229145635182304,38
200,0.5121951219512195,0.3648450865154381,0.6574557044556734,0.105,0.06970748792681017,0.15518031991123038,0.7878787878787878,21,20,255,0.0784313725490196,0.05134348342534953,0.11803223799284951,255,20,155,0.12903225806451613,0.0851040728823802,0.19090358372183114,0.5294117647058824,0.46816740996060663,0.5897831211032399,135,255,Quarantine / Local Outlier Factor / nominal_budget=0.03,Local Outlier Factor,0.03,1.9523809523809523,140,0.7,0.6332093162728074,0.7592525531762859,200,0.15,0.10025055316583265,0.21844378709275641,119,0.595,0.525797100813387,0.6606222871749323,f64aaa7645d6dcbacf2bb07ab78e9331553b8e7315b128505b17405a7b841d73,0.14074074074074075,0.09198858446777544,0.2093728329077795,135,19,cwe399,1.4287453310693976,41
200,0.4897959183673469,0.3557511031030579,0.6253243625953195,0.12,0.08197992706375512,0.17234252098296743,0.7878787878787878,24,25,255,0.0980392156862745,0.06729043587358367,0.14071897292051305,255,25,155,0.16129032258064516,0.11170079120016674,0.2272627213515045,0.5098039215686274,0.44875819457893734,0.5705586491090113,130,255,Quarantine / Local Outlier Factor / nominal_budget=0.05,Local Outlier Factor,0.05,2.0416666666666665,140,0.7,0.6332093162728074,0.7592525531762859,200,0.17142857142857143,0.11799117385645051,0.24241575781487795,116,0.58,0.5107207393958046,0.6462640083838327,f64aaa7645d6dcbacf2bb07ab78e9331553b8e7315b128505b17405a7b841d73,0.13076923076923078,0.08327392181910748,0.19945953875524186,130,17,cwe399,1.253639941286385,49
200,0.49122807017543857,0.3661628241840743,0.6174010150238727,0.14,0.09866982633455636,0.1948988086570756,0.7878787878787878,28,29,255,0.1137254901960784,0.08035939404952483,0.1585569646452901,255,29,155,0.1870967741935484,0.13354550599727152,0.2557826913123677,0.4941176470588235,0.4332973359449561,0.5551125578422746,126,255,Quarantine / Local Outlier Factor / nominal_budget=0.10,Local Outlier Factor,0.1,2.0357142857142856,140,0.7,0.6332093162728074,0.7592525531762859,200,0.2,0.1421545753084462,0.2738691449132016,112,0.56,0.4907167533465867,0.6270218074881414,f64aaa7645d6dcbacf2bb07ab78e9331553b8e7315b128505b17405a7b841d73,0.12698412698412698,0.07969646065163148,0.19634371285096097,126,16,cwe399,1.243819225517138,57
200,0.4772727272727273,0.3760662797922773,0.580380405056127,0.21,0.15928412069979,0.2716461685990245,0.7878787878787878,42,46,255,0.1803921568627451,0.13805308627474228,0.23221780949812487,255,46,155,0.2967741935483871,0.23047537794879652,0.3729027295822062,0.4274509803921568,0.368250909400322,0.4888044473088564,109,255,Quarantine / Local Outlier Factor / nominal_budget=0.15,Local Outlier Factor,0.15,2.0952380952380953,140,0.7,0.6332093162728074,0.7592525531762859,200,0.3,0.23026240868244724,0.3804200714653179,98,0.49,0.4215627833121318,0.5588141232154135,f64aaa7645d6dcbacf2bb07ab78e9331553b8e7315b128505b17405a7b841d73,0.11009174311926606,0.0641080394211075,0.18262271992625612,109,12,cwe399,1.1959555759729459,88
200,0.7241379310344828,0.5428286758313405,0.8530124489791204,0.105,0.06970748792681017,0.15518031991123038,0.7878787878787878,21,8,255,0.0313725490196078,0.015981014698383176,0.06067385701766133,255,8,155,0.05161290322580645,0.026382095187525774,0.09853150714278189,0.5764705882352941,0.5151298379645244,0.6355415428014766,147,255,Quarantine / Mahalanobis / nominal_budget=0.01,Mahalanobis,0.01,1.380952380952381,140,0.7,0.6332093162728074,0.7592525531762859,200,0.15,0.10025055316583265,0.21844378709275641,119,0.595,0.525797100813387,0.6606222871749323,f64aaa7645d6dcbacf2bb07ab78e9331553b8e7315b128505b17405a7b841d73,0.1360544217687075,0.08983087309632351,0.20081507506311894,147,20,cwe399,142.31261086454833,29
200,0.48214285714285715,0.35668219412458285,0.6098961607582303,0.135,0.09446570454787909,0.1892913837075255,0.7878787878787878,27,29,255,0.1137254901960784,0.08035939404952483,0.1585569646452901,255,29,155,0.1870967741935484,0.13354550599727152,0.2557826913123677,0.4941176470588235,0.4332973359449561,0.5551125578422746,126,255,Quarantine / Mahalanobis / nominal_budget=0.03,Mahalanobis,0.03,2.074074074074074,140,0.7,0.6332093162728074,0.7592525531762859,200,0.19285714285714287,0.1360639362398492,0.26605558684421876,113,0.565,0.49570736259794607,0.6318427449730092,f64aaa7645d6dcbacf2bb07ab78e9331553b8e7315b128505b17405a7b841d73,0.15079365079365079,0.0987125003891981,0.2235378748047182,126,19,cwe399,44.42931685705574,56
200,0.5,0.3810209474394701,0.6189790525605299,0.16,0.11567412031587021,0.21714070162067106,0.7878787878787878,32,32,255,0.1254901960784313,0.09031038753693409,0.17178618358341946,255,32,155,0.2064516129032258,0.1502066666592389,0.27689504421887623,0.4823529411764706,0.42174046336129667,0.5434892180003954,123,255,Quarantine / Mahalanobis / nominal_budget=0.05,Mahalanobis,0.05,2.0,140,0.7,0.6332093162728074,0.7592525531762859,200,0.22857142857142856,0.16681621731086882,0.3048242914610982,108,0.54,0.47082289188953336,0.6076694820002854,f64aaa7645d6dcbacf2bb07ab78e9331553b8e7315b128505b17405a7b841d73,0.14634146341463414,0.09461697167521521,0.2194874165202476,123,18,cwe399,41.881615433926164,64
200,0.5445544554455446,0.4475799808888148,0.6382639219072377,0.275,0.21779700329307355,0.34068339357669647,0.7878787878787878,55,46,255,0.1803921568627451,0.13805308627474228,0.23221780949812487,255,46,155,0.2967741935483871,0.23047537794879652,0.3729027295822062,0.4274509803921568,0.368250909400322,0.4888044473088564,109,255,Quarantine / Mahalanobis / nominal_budget=0.10,Mahalanobis,0.1,1.8363636363636364,140,0.7,0.6332093162728074,0.7592525531762859,200,0.39285714285714285,0.3158551299789474,0.4755819129573554,85,0.425,0.3585361254351385,0.49429067352145145,f64aaa7645d6dcbacf2bb07ab78e9331553b8e7315b128505b17405a7b841d73,0.1559633027522936,0.09971544799437598,0.2356352220180037,109,17,cwe399,36.3467731947942,101
200,0.5161290322580645,0.42901544604494163,0.6022733082989076,0.32,0.25926533315468053,0.38751898434113546,0.7878787878787878,64,60,255,0.2352941176470588,0.18739808955318227,0.2910471308721985,255,60,155,0.3870967741935484,0.3140299305665485,0.465624573617342,0.3725490196078431,0.3155104925754171,0.4333705394812477,95,255,Quarantine / Mahalanobis / nominal_budget=0.15,Mahalanobis,0.15,1.9375,140,0.7,0.6332093162728074,0.7592525531762859,200,0.45714285714285713,0.3768699173117245,0.5397048998627966,76,0.38,0.31559005848673627,0.44893281984380773,f64aaa7645d6dcbacf2bb07ab78e9331553b8e7315b128505b17405a7b841d73,0.1368421052631579,0.08174793559632486,0.22016443171129235,95,13,cwe399,32.75087674612629,124
50,1.0,0.4385029682449546,1.0,0.06,0.020614970348973985,0.1621709168883817,0.8536585365853658,3,0,213,0.0,0.0,0.017715518248153,213,0,168,0.0,0.0,0.022354668349868045,0.7887323943661971,0.7290447900859254,0.8381899106440143,168,213,Quarantine / Supervised Gate / nominal_budget=0.01,Supervised Gate,0.01,1.0,38,0.76,0.6258731624205708,0.8570260860300828,50,0.07894736842105263,0.027214595506987696,0.20799371457771454,35,0.7,0.562496495355466,0.8089644649911906,528f4852c218f2cb425732804dd634b9ce7f6c3596dd1debf7f7e0dac11a92cc,0.011904761904761904,0.0032708093814397647,0.04236112876962189,168,2,openssl,0.6921476248341681,3
50,0.25,0.10182067491213048,0.49498316535508774,0.08,0.03154951408859297,0.18838246918342832,0.8536585365853658,4,12,213,0.056338028169014,0.03251802516492106,0.09587743468907389,213,12,168,0.07142857142857142,0.041329237361962694,0.12068904979506706,0.7323943661971831,0.6692090746830545,0.7873456844410435,156,213,Quarantine / Supervised Gate / nominal_budget=0.03,Supervised Gate,0.03,4.0,38,0.76,0.6258731624205708,0.8570260860300828,50,0.10526315789473684,0.04170257347553526,0.2413052172288731,34,0.68,0.5418970269185593,0.7924178373934315,528f4852c218f2cb425732804dd634b9ce7f6c3596dd1debf7f7e0dac11a92cc,0.01282051282051282,0.003522917071672259,0.04553481099555254,156,2,openssl,0.6350931678334245,16
50,0.25,0.11186170140766566,0.46870087761874396,0.1,0.04347576493189044,0.21360231437479654,0.8536585365853658,5,15,213,0.0704225352112676,0.04313817437700724,0.11292727087844817,213,15,168,0.08928571428571429,0.05485470946990265,0.14207948238891754,0.7183098591549296,0.6544463072204263,0.7744384665022113,153,213,Quarantine / Supervised Gate / nominal_budget=0.05,Supervised Gate,0.05,4.0,38,0.76,0.6258731624205708,0.8570260860300828,50,0.13157894736842105,0.05753867690120133,0.27326859442291307,33,0.66,0.5215382605023261,0.7756305077749991,528f4852c218f2cb425732804dd634b9ce7f6c3596dd1debf7f7e0dac11a92cc,0.013071895424836602,0.0035921358278771277,0.04640394862361166,153,2,openssl,0.6312399495180382,20
50,0.25,0.11186170140766566,0.46870087761874396,0.1,0.04347576493189044,0.21360231437479654,0.8536585365853658,5,15,213,0.0704225352112676,0.04313817437700724,0.11292727087844817,213,15,168,0.08928571428571429,0.05485470946990265,0.14207948238891754,0.7183098591549296,0.6544463072204263,0.7744384665022113,153,213,Quarantine / Supervised Gate / nominal_budget=0.10,Supervised Gate,0.1,4.0,38,0.76,0.6258731624205708,0.8570260860300828,50,0.13157894736842105,0.05753867690120133,0.27326859442291307,33,0.66,0.5215382605023261,0.7756305077749991,528f4852c218f2cb425732804dd634b9ce7f6c3596dd1debf7f7e0dac11a92cc,0.013071895424836602,0.0035921358278771277,0.04640394862361166,153,2,openssl,0.6228400470707656,20
50,0.2,0.09505107177289876,0.3730569641314826,0.12,0.05617600150932277,0.23804817383202986,0.8536585365853658,6,24,213,0.1126760563380281,0.07689637617349751,0.16217902528633935,213,24,168,0.14285714285714285,0.09791602924415757,0.2037658767200339,0.676056338028169,0.610571552586481,0.735303264931775,144,213,Quarantine / Supervised Gate / nominal_budget=0.15,Supervised Gate,0.15,5.0,38,0.76,0.6258731624205708,0.8570260860300828,50,0.15789473684210525,0.07443863415158927,0.3041681177922313,32,0.64,0.501410168761127,0.7586125034815325,528f4852c218f2cb425732804dd634b9ce7f6c3596dd1debf7f7e0dac11a92cc,0.013888888888888888,0.0038171346628682636,0.04922251255952856,144,2,openssl,0.5912250173929198,30
50,0.6842105263157895,0.4601040767532747,0.8463562091220771,0.26,0.1587152749355239,0.3955315726484883,0.8536585365853658,13,6,213,0.028169014084507,0.012972704478212669,0.0600827845728613,213,6,168,0.03571428571428571,0.016469092076280275,0.07571738567716862,0.7605633802816901,0.6989612034440782,0.8129335264829407,162,213,Quarantine / Isolation Forest / nominal_budget=0.01,Isolation Forest,0.01,1.4615384615384615,38,0.76,0.6258731624205708,0.8570260860300828,50,0.34210526315789475,0.21212415179959415,0.5010789644821692,25,0.5,0.3664451431682858,0.6335548568317142,528f4852c218f2cb425732804dd634b9ce7f6c3596dd1debf7f7e0dac11a92cc,0.012345679012345678,0.0033921854884835546,0.04389067656817634,162,2,openssl,0.5268236507864311,19
50,0.696969696969697,0.5266186485419944,0.8262446857594641,0.46,0.3296965219222435,0.5960112860084252,0.8536585365853658,23,10,213,0.0469483568075117,0.02569840042274735,0.08425040249694057,213,10,168,0.05952380952380952,0.032650105091741696,0.10609091226409444,0.7417840375586855,0.6790919264457485,0.7959094896126566,158,213,Quarantine / Isolation Forest / nominal_budget=0.03,Isolation Forest,0.03,1.434782608695652,38,0.76,0.6258731624205708,0.8570260860300828,50,0.6052631578947368,0.4471786799604255,0.744019242518399,15,0.3,0.1910355350088095,0.43750350464453397,528f4852c218f2cb425732804dd634b9ce7f6c3596dd1debf7f7e0dac11a92cc,0.012658227848101266,0.0034782344575124864,0.04497324934542184,158,2,openssl,0.5129478276813497,33
50,0.6764705882352942,0.508428945939082,0.808683564359745,0.46,0.3296965219222435,0.5960112860084252,0.8536585365853658,23,11,213,0.0516431924882629,0.029078238434561497,0.09009389295227993,213,11,168,0.06547619047619048,0.0369508952173935,0.11342875703903946,0.7370892018779343,0.6741463100963933,0.7916317774948581,157,213,Quarantine / Isolation Forest / nominal_budget=0.05,Isolation Forest,0.05,1.4782608695652173,38,0.76,0.6258731624205708,0.8570260860300828,50,0.6052631578947368,0.4471786799604255,0.744019242518399,15,0.3,0.1910355350088095,0.43750350464453397,528f4852c218f2cb425732804dd634b9ce7f6c3596dd1debf7f7e0dac11a92cc,0.012738853503184714,0.0035004331777163875,0.04525228815538078,157,2,openssl,0.5112009992738876,34
50,0.515625,0.39581601478580125,0.6336644833456737,0.66,0.5215382605023261,0.7756305077749991,0.8536585365853658,33,31,213,0.1455399061032863,0.10446432339143152,0.19917437733847976,213,31,168,0.18452380952380953,0.1331505856073086,0.2500017646610606,0.6431924882629108,0.576842954771631,0.7044685634765506,137,213,Quarantine / Isolation Forest / nominal_budget=0.10,Isolation Forest,0.1,1.9393939393939394,38,0.76,0.6258731624205708,0.8570260860300828,50,0.868421052631579,0.7267314055770869,0.9424613230987987,5,0.1,0.04347576493189044,0.21360231437479654,528f4852c218f2cb425732804dd634b9ce7f6c3596dd1debf7f7e0dac11a92cc,0.014598540145985401,0.004012618647735732,0.051663166638449914,137,2,openssl,0.4673035950195226,64
50,0.4342105263157895,0.3286093181921706,0.5461424693164003,0.66,0.5215382605023261,0.7756305077749991,0.8536585365853658,33,43,213,0.2018779342723004,0.15347250119907369,0.26084614113667953,213,43,168,0.25595238095238093,0.19593277065902243,0.3268831984165084,0.5868544600938967,0.5197596553755748,0.6508719212667649,125,213,Quarantine / Isolation Forest / nominal_budget=0.15,Isolation Forest,0.15,2.303030303030303,38,0.76,0.6258731624205708,0.8570260860300828,50,0.868421052631579,0.7267314055770869,0.9424613230987987,5,0.1,0.04347576493189044,0.21360231437479654,528f4852c218f2cb425732804dd634b9ce7f6c3596dd1debf7f7e0dac11a92cc,0.016,0.004398800179193866,0.05646250093046612,125,2,openssl,0.45576416840900136,76
50,0.8333333333333334,0.6414692935030095,0.9332132367136705,0.4,0.27608389730256544,0.5381856225241063,0.8536585365853658,20,4,213,0.0187793427230046,0.007326552217965812,0.04728227989880116,213,4,168,0.023809523809523808,0.009297119491395035,0.05961208846086024,0.7699530516431925,0.7089502494748566,0.8213911373864692,164,213,Quarantine / One-Class SVM / nominal_budget=0.01,One-Class SVM,0.01,1.2,38,0.76,0.6258731624205708,0.8570260860300828,50,0.5263157894736842,0.37258971384496675,0.6752097667747392,18,0.36,0.2413874965184674,0.498589831238873,528f4852c218f2cb425732804dd634b9ce7f6c3596dd1debf7f7e0dac11a92cc,0.012195121951219513,0.0033507380935597665,0.04336870104734518,164,2,openssl,-0.673845011938639,24
50,0.6956521739130435,0.5519435355159236,0.8092015919723275,0.64,0.501410168761127,0.7586125034815325,0.8536585365853658,32,14,213,0.0657276995305164,0.039552862684974786,0.10728925410332713,213,14,168,0.08333333333333333,0.05028733507846082,0.13500822187976255,0.7230046948356808,0.6593592016840247,0.7787489005057663,154,213,Quarantine / One-Class SVM / nominal_budget=0.03,One-Class SVM,0.03,1.4375,38,0.76,0.6258731624205708,0.8570260860300828,50,0.8421052631578947,0.6958318822077686,0.9255613658484106,6,0.12,0.05617600150932277,0.23804817383202986,528f4852c218f2cb425732804dd634b9ce7f6c3596dd1debf7f7e0dac11a92cc,0.012987012987012988,0.0035687626477338107,0.04611057305583392,154,2,openssl,-1.6872738678899353,46
50,0.6808510638297872,0.5383265689689715,0.7960462125036255,0.64,0.501410168761127,0.7586125034815325,0.8536585365853658,32,15,213,0.0704225352112676,0.04313817437700724,0.11292727087844817,213,15,168,0.08928571428571429,0.05485470946990265,0.14207948238891754,0.7183098591549296,0.6544463072204263,0.7744384665022113,153,213,Quarantine / One-Class SVM / nominal_budget=0.05,One-Class SVM,0.05,1.46875,38,0.76,0.6258731624205708,0.8570260860300828,50,0.8421052631578947,0.6958318822077686,0.9255613658484106,6,0.12,0.05617600150932277,0.23804817383202986,528f4852c218f2cb425732804dd634b9ce7f6c3596dd1debf7f7e0dac11a92cc,0.013071895424836602,0.0035921358278771277,0.04640394862361166,153,2,openssl,-1.6959028794339928,47
50,0.6274509803921569,0.4902521346885088,0.7467948053373558,0.64,0.501410168761127,0.7586125034815325,0.8536585365853658,32,19,213,0.0892018779342723,0.0578496294985762,0.13510912962549318,213,19,168,0.1130952380952381,0.07360824802388762,0.16988048343731982,0.6995305164319249,0.6348722769742241,0.7571191828797994,149,213,Quarantine / One-Class SVM / nominal_budget=0.10,One-Class SVM,0.1,1.59375,38,0.76,0.6258731624205708,0.8570260860300828,50,0.8421052631578947,0.6958318822077686,0.9255613658484106,6,0.12,0.05617600150932277,0.23804817383202986,528f4852c218f2cb425732804dd634b9ce7f6c3596dd1debf7f7e0dac11a92cc,0.013422818791946308,0.0036887725239569333,0.04761575493343489,149,2,openssl,-1.8894492166559707,51
50,0.43902439024390244,0.33673538463356234,0.5467707889871816,0.72,0.5833487630404345,0.8252582933408877,0.8536585365853658,36,46,213,0.215962441314554,0.16599469107381842,0.2759939366633953,213,46,168,0.27380952380952384,0.21200397521755676,0.3457278985597646,0.5727699530516432,0.5056269455949793,0.6373346456458999,122,213,Quarantine / One-Class SVM / nominal_budget=0.15,One-Class SVM,0.15,2.2777777777777777,38,0.76,0.6258731624205708,0.8570260860300828,50,0.9473684210526315,0.8271453786822962,0.9854457918527075,2,0.04,0.011038884327619819,0.13460090687507018,528f4852c218f2cb425732804dd634b9ce7f6c3596dd1debf7f7e0dac11a92cc,0.00819672131147541,0.0014483909512206967,0.04497080090682473,122,1,openssl,-2.5548019226023855,82
50,0.7619047619047619,0.5490882631704925,0.8937198697736353,0.32,0.20758216260656848,0.45810297308144066,0.8536585365853658,16,5,213,0.0234741784037558,0.010067486826548112,0.05376467375737236,213,5,168,0.02976190476190476,0.01277812377684728,0.0677697190760048,0.7652582159624414,0.7039510437141041,0.8171670146800685,163,213,Quarantine / Local Outlier Factor / nominal_budget=0.01,Local Outlier Factor,0.01,1.3125,38,0.76,0.6258731624205708,0.8570260860300828,50,0.42105263157894735,0.2785250115775872,0.5780765465632944,22,0.44,0.3116219921125717,0.5769397197834314,528f4852c218f2cb425732804dd634b9ce7f6c3596dd1debf7f7e0dac11a92cc,0.012269938650306749,0.003371334406110614,0.043628127694741684,163,2,openssl,1.9213204317663586,21
50,0.7307692307692307,0.5391695962082383,0.8629555167798162,0.38,0.2586278931019359,0.5184955306900701,0.8536585365853658,19,7,213,0.0328638497652582,0.016008716980555834,0.06627010053767161,213,7,168,0.041666666666666664,0.020327550685063256,0.08349756196898245,0.755868544600939,0.6939805434080362,0.8086908580518293,161,213,Quarantine / Local Outlier Factor / nominal_budget=0.03,Local Outlier Factor,0.03,1.368421052631579,38,0.76,0.6258731624205708,0.8570260860300828,50,0.5,0.3484992836439511,0.6515007163560489,19,0.38,0.2586278931019359,0.5184955306900701,528f4852c218f2cb425732804dd634b9ce7f6c3596dd1debf7f7e0dac11a92cc,0.012422360248447204,0.0034132960972489516,0.04415640437005673,161,2,openssl,1.8594190799992973,26
50,0.7307692307692307,0.5391695962082383,0.8629555167798162,0.38,0.2586278931019359,0.5184955306900701,0.8536585365853658,19,7,213,0.0328638497652582,0.016008716980555834,0.06627010053767161,213,7,168,0.041666666666666664,0.020327550685063256,0.08349756196898245,0.755868544600939,0.6939805434080362,0.8086908580518293,161,213,Quarantine / Local Outlier Factor / nominal_budget=0.05,Local Outlier Factor,0.05,1.368421052631579,38,0.76,0.6258731624205708,0.8570260860300828,50,0.5,0.3484992836439511,0.6515007163560489,19,0.38,0.2586278931019359,0.5184955306900701,528f4852c218f2cb425732804dd634b9ce7f6c3596dd1debf7f7e0dac11a92cc,0.012422360248447204,0.0034132960972489516,0.04415640437005673,161,2,openssl,1.8532666474935682,26
50,0.5166666666666667,0.393078100325925,0.6382495046026722,0.62,0.4815044693099298,0.7413721068980641,0.8536585365853658,31,29,213,0.136150234741784,0.0964968940266881,0.18869514976891621,213,29,168,0.17261904761904762,0.1229612965922685,0.23691378387490702,0.6525821596244131,0.5864460867792577,0.7133120884032308,139,213,Quarantine / Local Outlier Factor / nominal_budget=0.10,Local Outlier Factor,0.1,1.935483870967742,38,0.76,0.6258731624205708,0.8570260860300828,50,0.8157894736842105,0.665811419288686,0.9077823481477872,7,0.14,0.06950833427016292,0.26186193710585537,528f4852c218f2cb425732804dd634b9ce7f6c3596dd1debf7f7e0dac11a92cc,0.014388489208633094,0.003954752436952022,0.05094148627016831,139,2,openssl,1.4450856752278536,60
50,0.5079365079365079,0.3876288627495474,0.6273319118601532,0.64,0.501410168761127,0.7586125034815325,0.8536585365853658,32,31,213,0.1455399061032863,0.10446432339143152,0.19917437733847976,213,31,168,0.18452380952380953,0.1331505856073086,0.2500017646610606,0.6431924882629108,0.576842954771631,0.7044685634765506,137,213,Quarantine / Local Outlier Factor / nominal_budget=0.15,Local Outlier Factor,0.15,1.96875,38,0.76,0.6258731624205708,0.8570260860300828,50,0.8421052631578947,0.6958318822077686,0.9255613658484106,6,0.12,0.05617600150932277,0.23804817383202986,528f4852c218f2cb425732804dd634b9ce7f6c3596dd1debf7f7e0dac11a92cc,0.014598540145985401,0.004012618647735732,0.051663166638449914,137,2,openssl,1.3900616069047542,63
50,0.8333333333333334,0.6414692935030095,0.9332132367136705,0.4,0.27608389730256544,0.5381856225241063,0.8536585365853658,20,4,213,0.0187793427230046,0.007326552217965812,0.04728227989880116,213,4,168,0.023809523809523808,0.009297119491395035,0.05961208846086024,0.7699530516431925,0.7089502494748566,0.8213911373864692,164,213,Quarantine / Mahalanobis / nominal_budget=0.01,Mahalanobis,0.01,1.2,38,0.76,0.6258731624205708,0.8570260860300828,50,0.5263157894736842,0.37258971384496675,0.6752097667747392,18,0.36,0.2413874965184674,0.498589831238873,528f4852c218f2cb425732804dd634b9ce7f6c3596dd1debf7f7e0dac11a92cc,0.012195121951219513,0.0033507380935597665,0.04336870104734518,164,2,openssl,102.92218269575184,24
50,0.7222222222222222,0.560075100026029,0.8415166205986538,0.52,0.3851174489004462,0.6520286471342195,0.8536585365853658,26,10,213,0.0469483568075117,0.02569840042274735,0.08425040249694057,213,10,168,0.05952380952380952,0.032650105091741696,0.10609091226409444,0.7417840375586855,0.6790919264457485,0.7959094896126566,158,213,Quarantine / Mahalanobis / nominal_budget=0.03,Mahalanobis,0.03,1.3846153846153846,38,0.76,0.6258731624205708,0.8570260860300828,50,0.6842105263157895,0.5254424010939046,0.8091539632440382,12,0.24,0.14297391396991727,0.37412683757942916,528f4852c218f2cb425732804dd634b9ce7f6c3596dd1debf7f7e0dac11a92cc,0.012658227848101266,0.0034782344575124864,0.04497324934542184,158,2,openssl,65.5530646241561,36
50,0.7027027027027027,0.5421686408886435,0.8251052135016799,0.52,0.3851174489004462,0.6520286471342195,0.8536585365853658,26,11,213,0.0516431924882629,0.029078238434561497,0.09009389295227993,213,11,168,0.06547619047619048,0.0369508952173935,0.11342875703903946,0.7370892018779343,0.6741463100963933,0.7916317774948581,157,213,Quarantine / Mahalanobis / nominal_budget=0.05,Mahalanobis,0.05,1.4230769230769231,38,0.76,0.6258731624205708,0.8570260860300828,50,0.6842105263157895,0.5254424010939046,0.8091539632440382,12,0.24,0.14297391396991727,0.37412683757942916,528f4852c218f2cb425732804dd634b9ce7f6c3596dd1debf7f7e0dac11a92cc,0.012738853503184714,0.0035004331777163875,0.04525228815538078,157,2,openssl,64.37107448297142,37
50,0.5161290322580645,0.3944745960566068,0.6359014016175426,0.64,0.501410168761127,0.7586125034815325,0.8536585365853658,32,30,213,0.1408450704225352,0.10047228580295067,0.19394308645980715,213,30,168,0.17857142857142858,0.1280446816351644,0.24346903373260795,0.647887323943662,0.5816412231374941,0.7088936235778409,138,213,Quarantine / Mahalanobis / nominal_budget=0.10,Mahalanobis,0.1,1.9375,38,0.76,0.6258731624205708,0.8570260860300828,50,0.8421052631578947,0.6958318822077686,0.9255613658484106,6,0.12,0.05617600150932277,0.23804817383202986,528f4852c218f2cb425732804dd634b9ce7f6c3596dd1debf7f7e0dac11a92cc,0.007246376811594203,0.0012803107838288905,0.039902703472098074,138,1,openssl,39.27585637190828,62
50,0.45,0.3457768918471123,0.5588049211064404,0.72,0.5833487630404345,0.8252582933408877,0.8536585365853658,36,44,213,0.2065727699530516,0.15763594087690821,0.26590602992599854,213,44,168,0.2619047619047619,0.20127485645342014,0.3331797475227076,0.5821596244131455,0.5150427603859814,0.6463654877892048,124,213,Quarantine / Mahalanobis / nominal_budget=0.15,Mahalanobis,0.15,2.2222222222222223,38,0.76,0.6258731624205708,0.8570260860300828,50,0.9473684210526315,0.8271453786822962,0.9854457918527075,2,0.04,0.011038884327619819,0.13460090687507018,528f4852c218f2cb425732804dd634b9ce7f6c3596dd1debf7f7e0dac11a92cc,0.008064516129032258,0.0014250064581251658,0.04426798605447707,124,1,openssl,33.860988230480324,80
